<?xml version="1.0" encoding="utf-8"?>
<!--/741920/216245/2.50/6/3/Integrated Circuit/-->
<quadcept_library>
  <setting unit="mil" />
  <textstyle name="Default" height="47.244094488189" strokewidth="7.8740157480315" charwidth="47.244094488189" />
  <textstyle name="Dimension" height="19.6850393700787" strokewidth="0" charwidth="19.6850393700787" />
  <textstyle name="H127W0635TH00762" height="50" strokewidth="3" charwidth="25" />
  <textstyle name="H15W15TH02" height="59.0551181102362" strokewidth="7.8740157480315" charwidth="59.0551181102362" />
  <padstyle name="r47.5_30" surface="True" plated="False" isvia="False" nopaste="False" nomask="True" complex="False" holesize="0">
    <padshape layer="TOP" shape="rectangle" width="11.811023622047" height="18.700787401575" />
    <padshape layer="TOP_SOLDER_MASK" shape="rectangle" width="19.685039370078" height="26.574803149606" />
    <padshape layer="TOP_SOLDER_PASTE" shape="rectangle" width="11.811023622047" height="18.700787401575" />
  </padstyle>
  <footprint name="SOTFL50P160X60-6N" originx="0" originy="0" pickpointx="0" pickpointy="0">
    <pcbpin number="1" name="1" style="r47.5_30" originx="-32.992125984252" originy="19.685039370078" rotation="90" />
    <pcbpin number="2" name="2" style="r47.5_30" originx="-32.992125984252" originy="0" rotation="90" />
    <pcbpin number="3" name="3" style="r47.5_30" originx="-32.992125984252" originy="-19.685039370078" rotation="90" />
    <pcbpin number="4" name="4" style="r47.5_30" originx="32.992125984252" originy="-19.685039370078" rotation="90" />
    <pcbpin number="5" name="5" style="r47.5_30" originx="32.992125984252" originy="0" rotation="90" />
    <pcbpin number="6" name="6" style="r47.5_30" originx="32.992125984252" originy="19.685039370078" rotation="90" />
    <line layer="TOP_PLACE_BOUND" originx="-48.228346456692" originy="39.370078740157" endx="48.228346456692" endy="39.370078740157" width="1.9685039370079" />
    <line layer="TOP_PLACE_BOUND" originx="48.228346456692" originy="39.370078740157" endx="48.228346456692" endy="-39.370078740157" width="1.9685039370079" />
    <line layer="TOP_PLACE_BOUND" originx="48.228346456692" originy="-39.370078740157" endx="-48.228346456692" endy="-39.370078740157" width="1.9685039370079" />
    <line layer="TOP_PLACE_BOUND" originx="-48.228346456692" originy="-39.370078740157" endx="-48.228346456692" endy="39.370078740157" width="1.9685039370079" />
    <line layer="TOP_ASSEMBLY" originx="-23.622047244094" originy="31.496062992126" endx="23.622047244094" endy="31.496062992126" width="3.9370078740157" />
    <line layer="TOP_ASSEMBLY" originx="23.622047244094" originy="31.496062992126" endx="23.622047244094" endy="-31.496062992126" width="3.9370078740157" />
    <line layer="TOP_ASSEMBLY" originx="23.622047244094" originy="-31.496062992126" endx="-23.622047244094" endy="-31.496062992126" width="3.9370078740157" />
    <line layer="TOP_ASSEMBLY" originx="-23.622047244094" originy="-31.496062992126" endx="-23.622047244094" endy="31.496062992126" width="3.9370078740157" />
    <line layer="TOP_ASSEMBLY" originx="-23.622047244094" originy="11.811023622047" endx="-3.9370078740157" endy="31.496062992126" width="3.9370078740157" />
    <line layer="TOP_SILKSCREEN" originx="-9.8425196850392" originy="31.496062992126" endx="9.8425196850392" endy="31.496062992126" width="7.8740157480314" />
    <line layer="TOP_SILKSCREEN" originx="9.8425196850392" originy="31.496062992126" endx="9.8425196850392" endy="-31.496062992126" width="7.8740157480314" />
    <line layer="TOP_SILKSCREEN" originx="9.8425196850392" originy="-31.496062992126" endx="-9.8425196850392" endy="-31.496062992126" width="7.8740157480314" />
    <line layer="TOP_SILKSCREEN" originx="-9.8425196850392" originy="-31.496062992126" endx="-9.8425196850392" endy="31.496062992126" width="7.8740157480314" />
    <line layer="TOP_SILKSCREEN" originx="-42.322834645669" originy="35.433070866141" endx="-23.622047244094" endy="35.433070866141" width="7.8740157480314" />
  </footprint>
  <symbol name="SN74LVC2G34DRLR" originx="0" originy="0">
    <line originx="200" originy="100" endx="800" endy="100" width="0" />
    <line originx="800" originy="-300" endx="800" endy="100" width="0" />
    <line originx="800" originy="-300" endx="200" endy="-300" width="0" />
    <line originx="200" originy="100" endx="200" endy="-300" width="0" />
    <sympin number="1" originx="200" originy="0" rotation="180" length="100" width="7.8740157480315" flipped="False">
      <text name="pinname" originx="230" originy="0" style="Default" rotation="0" justify="left" flipped="False" hidden="False" data="1A" />
      <text name="pindes" originx="140" originy="20" style="Default" rotation="0" justify="lowerright" flipped="False" hidden="False" data="1" />
    </sympin>
    <sympin number="2" originx="200" originy="-100" rotation="180" length="100" width="7.8740157480315" flipped="False">
      <text name="pinname" originx="230" originy="-100" style="Default" rotation="0" justify="left" flipped="False" hidden="False" data="GND" />
      <text name="pindes" originx="140" originy="-80" style="Default" rotation="0" justify="lowerright" flipped="False" hidden="False" data="2" />
    </sympin>
    <sympin number="3" originx="200" originy="-200" rotation="180" length="100" width="7.8740157480315" flipped="False">
      <text name="pinname" originx="230" originy="-200" style="Default" rotation="0" justify="left" flipped="False" hidden="False" data="2A" />
      <text name="pindes" originx="140" originy="-180" style="Default" rotation="0" justify="lowerright" flipped="False" hidden="False" data="3" />
    </sympin>
    <sympin number="4" originx="800" originy="0" rotation="0" length="100" width="7.8740157480315" flipped="False">
      <text name="pinname" originx="770" originy="0" style="Default" rotation="0" justify="right" flipped="False" hidden="False" data="2Y" />
      <text name="pindes" originx="860" originy="20" style="Default" rotation="0" justify="lowerleft" flipped="False" hidden="False" data="4" />
    </sympin>
    <sympin number="5" originx="800" originy="-100" rotation="0" length="100" width="7.8740157480315" flipped="False">
      <text name="pinname" originx="770" originy="-100" style="Default" rotation="0" justify="right" flipped="False" hidden="False" data="VCC" />
      <text name="pindes" originx="860" originy="-80" style="Default" rotation="0" justify="lowerleft" flipped="False" hidden="False" data="5" />
    </sympin>
    <sympin number="6" originx="800" originy="-200" rotation="0" length="100" width="7.8740157480315" flipped="False">
      <text name="pinname" originx="770" originy="-200" style="Default" rotation="0" justify="right" flipped="False" hidden="False" data="1Y" />
      <text name="pindes" originx="860" originy="-180" style="Default" rotation="0" justify="lowerleft" flipped="False" hidden="False" data="6" />
    </sympin>
  </symbol>
  <component name="SN74LVC2G34DRLR" designatorprefix="IC" height="23.622047244094" footprint="SOTFL50P160X60-6N">
    <comppin designator="1" sympin="1" pinswap="0" gateswap="0" gate="1" group="1" side="" type="Any" name="1A" />
    <comppin designator="2" sympin="2" pinswap="0" gateswap="0" gate="1" group="1" side="" type="Any" name="GND" />
    <comppin designator="3" sympin="3" pinswap="0" gateswap="0" gate="1" group="1" side="" type="Any" name="2A" />
    <comppin designator="4" sympin="4" pinswap="0" gateswap="0" gate="1" group="1" side="" type="Any" name="2Y" />
    <comppin designator="5" sympin="5" pinswap="0" gateswap="0" gate="1" group="1" side="" type="Any" name="VCC" />
    <comppin designator="6" sympin="6" pinswap="0" gateswap="0" gate="1" group="1" side="" type="Any" name="1Y" />
    <attached_symbol gate="1" name="SN74LVC2G34DRLR" />
    <pinmap designator="1" footprintpin="1" />
    <pinmap designator="2" footprintpin="2" />
    <pinmap designator="3" footprintpin="3" />
    <pinmap designator="4" footprintpin="4" />
    <pinmap designator="5" footprintpin="5" />
    <pinmap designator="6" footprintpin="6" />
    <text name="Datasheet" originx="0" originy="0" style="Default" rotation="0" justify="" flipped="False" hidden="True" data="http://www.ti.com/lit/gpn/sn74lvc2g34" />
    <text name="Description" originx="0" originy="0" style="Default" rotation="0" justify="" flipped="False" hidden="True" data="Dual Buffer Gate" />
    <text name="Mouser Part Number" originx="0" originy="0" style="Default" rotation="0" justify="" flipped="False" hidden="True" data="595-SN74LVC2G34DRLR" />
    <text name="Mouser Price/Stock" originx="0" originy="0" style="Default" rotation="0" justify="" flipped="False" hidden="True" data="https://www.mouser.co.uk/ProductDetail/Texas-Instruments/SN74LVC2G34DRLR?qs=dT9u2OTAaVVDZgn8e2DJmw%3D%3D" />
    <text name="Manufacturer_Name" originx="0" originy="0" style="Default" rotation="0" justify="" flipped="False" hidden="True" data="Texas Instruments" />
    <text name="Manufacturer_Part_Number" originx="850" originy="200" style="Default" rotation="0" justify="left" flipped="False" hidden="False" data="SN74LVC2G34DRLR" />
  </component>
</quadcept_library>
