<?xml version="1.0" encoding="utf-8"?>
<!--/19846284/216245/2.50/3/2/Connector/-->
<quadcept_library>
  <setting unit="mil" />
  <textstyle name="Default" height="47.244094488189" strokewidth="7.8740157480315" charwidth="47.244094488189" />
  <textstyle name="Dimension" height="19.6850393700787" strokewidth="0" charwidth="19.6850393700787" />
  <textstyle name="H127W0635TH00762" height="50" strokewidth="3" charwidth="25" />
  <textstyle name="H15W15TH02" height="59.0551181102362" strokewidth="7.8740157480315" charwidth="59.0551181102362" />
  <padstyle name="c90_h180" surface="False" plated="True" isvia="False" nopaste="True" nomask="True" complex="False" holesize="70.866141732283">
    <padshape layer="TOP" shape="round" width="35.433070866141" height="35.433070866141" />
    <padshape layer="TOP_SOLDER_MASK" shape="round" width="43.307086614173" height="43.307086614173" />
    <padshape layer="INNER" shape="round" width="35.433070866141" height="35.433070866141" />
    <padshape layer="BOTTOM" shape="round" width="35.433070866141" height="35.433070866141" />
    <padshape layer="BOTTOM_SOLDER_MASK" shape="round" width="43.307086614173" height="43.307086614173" />
  </padstyle>
  <padstyle name="s241.5_h161" surface="False" plated="True" isvia="False" nopaste="True" nomask="True" complex="False" holesize="63.385826771653">
    <padshape layer="TOP" shape="square" width="95.078740157479" height="95.078740157479" />
    <padshape layer="TOP_SOLDER_MASK" shape="square" width="102.95275590551" height="102.95275590551" />
    <padshape layer="INNER" shape="square" width="95.078740157479" height="95.078740157479" />
    <padshape layer="BOTTOM" shape="square" width="95.078740157479" height="95.078740157479" />
    <padshape layer="BOTTOM_SOLDER_MASK" shape="square" width="102.95275590551" height="102.95275590551" />
  </padstyle>
  <padstyle name="c322.5_h215" surface="False" plated="True" isvia="False" nopaste="True" nomask="True" complex="False" holesize="84.645669291338">
    <padshape layer="TOP" shape="round" width="126.96850393701" height="126.96850393701" />
    <padshape layer="TOP_SOLDER_MASK" shape="round" width="134.84251968504" height="134.84251968504" />
    <padshape layer="INNER" shape="round" width="126.96850393701" height="126.96850393701" />
    <padshape layer="BOTTOM" shape="round" width="126.96850393701" height="126.96850393701" />
    <padshape layer="BOTTOM_SOLDER_MASK" shape="round" width="134.84251968504" height="134.84251968504" />
  </padstyle>
  <padstyle name="c268.5_h179" surface="False" plated="True" isvia="False" nopaste="True" nomask="True" complex="False" holesize="70.472440944881">
    <padshape layer="TOP" shape="round" width="105.70866141732" height="105.70866141732" />
    <padshape layer="TOP_SOLDER_MASK" shape="round" width="113.58267716535" height="113.58267716535" />
    <padshape layer="INNER" shape="round" width="105.70866141732" height="105.70866141732" />
    <padshape layer="BOTTOM" shape="round" width="105.70866141732" height="105.70866141732" />
    <padshape layer="BOTTOM_SOLDER_MASK" shape="round" width="113.58267716535" height="113.58267716535" />
  </padstyle>
  <footprint name="SJ335083ATR" originx="0" originy="0" pickpointx="0" pickpointy="0">
    <pcbpin number="1" name="1" style="s241.5_h161" originx="0" originy="0" rotation="90" />
    <pcbpin number="2" name="2" style="c322.5_h215" originx="366.14173228346" originy="0" rotation="90" />
    <pcbpin number="3" name="5" style="c268.5_h179" originx="74.803149606298" originy="200.7874015748" rotation="90" />
    <pcbpin number="4" name="6" style="c90_h180" originx="43.307086614173" originy="100.3937007874" rotation="90" />
    <pcbpin number="5" name="7" style="c90_h180" originx="318.89763779527" originy="100.3937007874" rotation="90" />
    <line layer="TOP_ASSEMBLY" originx="-94.488188976377" originy="222.44094488189" endx="476.3779527559" endy="222.44094488189" width="3.9370078740157" />
    <line layer="TOP_ASSEMBLY" originx="476.3779527559" originy="222.44094488189" endx="476.3779527559" endy="-21.653543307086" width="3.9370078740157" />
    <line layer="TOP_ASSEMBLY" originx="476.3779527559" originy="-21.653543307086" endx="-94.488188976377" endy="-21.653543307086" width="3.9370078740157" />
    <line layer="TOP_ASSEMBLY" originx="-94.488188976377" originy="-21.653543307086" endx="-94.488188976377" endy="222.44094488189" width="3.9370078740157" />
    <line layer="TOP_PLACE_BOUND" originx="-232.28346456693" originy="292.99212598425" endx="515.74803149606" endy="292.99212598425" width="3.9370078740157" />
    <line layer="TOP_PLACE_BOUND" originx="515.74803149606" originy="292.99212598425" endx="515.74803149606" endy="-102.83464566929" width="3.9370078740157" />
    <line layer="TOP_PLACE_BOUND" originx="515.74803149606" originy="-102.83464566929" endx="-232.28346456693" endy="-102.83464566929" width="3.9370078740157" />
    <line layer="TOP_PLACE_BOUND" originx="-232.28346456693" originy="-102.83464566929" endx="-232.28346456693" endy="292.99212598425" width="3.9370078740157" />
    <line layer="TOP_ASSEMBLY" originx="-94.488188976377" originy="198.81889763779" endx="-192.91338582677" endy="198.81889763779" width="3.9370078740157" />
    <line layer="TOP_ASSEMBLY" originx="-192.91338582677" originy="198.81889763779" endx="-192.91338582677" endy="1.9685039370079" width="3.9370078740157" />
    <line layer="TOP_ASSEMBLY" originx="-192.91338582677" originy="1.9685039370079" endx="-94.488188976377" endy="1.9685039370079" width="3.9370078740157" />
    <line layer="TOP_SILKSCREEN" originx="161.41732283464" originy="222.44094488189" endx="476.3779527559" endy="222.44094488189" width="7.8740157480314" />
    <line layer="TOP_SILKSCREEN" originx="476.3779527559" originy="222.44094488189" endx="476.3779527559" endy="-21.653543307086" width="7.8740157480314" />
    <line layer="TOP_SILKSCREEN" originx="102.36220472441" originy="-21.653543307086" endx="259.84251968504" endy="-21.653543307086" width="7.8740157480314" />
    <line layer="TOP_SILKSCREEN" originx="0" originy="222.44094488189" endx="-94.488188976377" endy="222.44094488189" width="7.8740157480314" />
    <line layer="TOP_SILKSCREEN" originx="-94.488188976377" originy="222.44094488189" endx="-94.488188976377" endy="-21.653543307086" width="7.8740157480314" />
    <line layer="TOP_SILKSCREEN" originx="-94.488188976377" originy="198.81889763779" endx="-192.91338582677" endy="198.81889763779" width="7.8740157480314" />
    <line layer="TOP_SILKSCREEN" originx="-192.91338582677" originy="198.81889763779" endx="-192.91338582677" endy="1.9685039370079" width="7.8740157480314" />
    <line layer="TOP_SILKSCREEN" originx="-192.91338582677" originy="1.9685039370079" endx="-94.488188976377" endy="1.9685039370079" width="7.8740157480314" />
    <line layer="TOP_SILKSCREEN" originx="0" originy="-78.740157480314" endx="0" endy="-78.740157480314" width="3.9370078740157" />
    <arc layer="TOP_SILKSCREEN" originx="1.6391087961985E-15" originy="-76.771653543306" startangle="-90.0" sweepangle="180.0" radius="1.9685039370079" width="3.9370078740157" />
    <line layer="TOP_SILKSCREEN" originx="0" originy="-74.803149606298" endx="0" endy="-74.803149606298" width="3.9370078740157" />
    <arc layer="TOP_SILKSCREEN" originx="1.6391087961985E-15" originy="-76.771653543306" startangle="90.0" sweepangle="180.0" radius="1.9685039370079" width="3.9370078740157" />
  </footprint>
  <symbol name="SJ3-35083A-TR" originx="0" originy="0">
    <line originx="200" originy="100" endx="1000" endy="100" width="0" />
    <line originx="1000" originy="-200" endx="1000" endy="100" width="0" />
    <line originx="1000" originy="-200" endx="200" endy="-200" width="0" />
    <line originx="200" originy="100" endx="200" endy="-200" width="0" />
    <sympin number="1" originx="200" originy="0" rotation="180" length="100" width="7.8740157480315" flipped="False">
      <text name="pinname" originx="230" originy="0" style="Default" rotation="0" justify="left" flipped="False" hidden="False" data="SLEEVE" />
      <text name="pindes" originx="140" originy="20" style="Default" rotation="0" justify="lowerright" flipped="False" hidden="False" data="1" />
    </sympin>
    <sympin number="2" originx="200" originy="-100" rotation="180" length="100" width="7.8740157480315" flipped="False">
      <text name="pinname" originx="230" originy="-100" style="Default" rotation="0" justify="left" flipped="False" hidden="False" data="TIP" />
      <text name="pindes" originx="140" originy="-80" style="Default" rotation="0" justify="lowerright" flipped="False" hidden="False" data="2" />
    </sympin>
    <sympin number="5" originx="1000" originy="0" rotation="0" length="100" width="7.8740157480315" flipped="False">
      <text name="pinname" originx="970" originy="0" style="Default" rotation="0" justify="right" flipped="False" hidden="False" data="RING" />
      <text name="pindes" originx="1060" originy="20" style="Default" rotation="0" justify="lowerleft" flipped="False" hidden="False" data="5" />
    </sympin>
  </symbol>
  <component name="SJ3-35083A-TR" designatorprefix="J" height="208.66141732283" footprint="SJ335083ATR">
    <comppin designator="1" sympin="1" pinswap="0" gateswap="0" gate="1" group="1" side="" type="Any" name="SLEEVE" />
    <comppin designator="2" sympin="2" pinswap="0" gateswap="0" gate="1" group="1" side="" type="Any" name="TIP" />
    <comppin designator="5" sympin="5" pinswap="0" gateswap="0" gate="1" group="1" side="" type="Any" name="RING" />
    <attached_symbol gate="1" name="SJ3-35083A-TR" />
    <pinmap designator="1" footprintpin="1" />
    <pinmap designator="2" footprintpin="2" />
    <pinmap designator="5" footprintpin="3" />
    <text name="Datasheet" originx="0" originy="0" style="Default" rotation="0" justify="" flipped="False" hidden="True" data="https://www.sameskydevices.com/product/resource/SJ3-35083A-TR.pdf" />
    <text name="Description" originx="0" originy="0" style="Default" rotation="0" justify="" flipped="False" hidden="True" data="SJ3-35083A-TR - 3.5 mm Stereo Jack, Through Hole, 3 Conductors, 0 Internal Switches,  Tape &amp; Reel Packaging" />
    <text name="Mouser Part Number" originx="0" originy="0" style="Default" rotation="0" justify="" flipped="False" hidden="True" data="179-SJ3-35083A-TR" />
    <text name="Mouser Price/Stock" originx="0" originy="0" style="Default" rotation="0" justify="" flipped="False" hidden="True" data="https://www.mouser.co.uk/ProductDetail/Same-Sky/SJ3-35083A-TR?qs=IKkN%2F947nfAXbylC140wLg%3D%3D" />
    <text name="Manufacturer_Name" originx="0" originy="0" style="Default" rotation="0" justify="" flipped="False" hidden="True" data="Same Sky" />
    <text name="Manufacturer_Part_Number" originx="1050" originy="200" style="Default" rotation="0" justify="left" flipped="False" hidden="False" data="SJ3-35083A-TR" />
  </component>
</quadcept_library>
